semi_major_axis,eccentricity,inclination,raan,arg_perigee,mean_anomaly,label
7109.354372857727,0.0018908352689101563,44.450576666049386,101.26905443760587,96.06723987473701,104.73410889054954,0
7040.841240544204,0.003750255514615379,6.069858082519407,151.77542785270694,105.65412471197206,159.3187792530071,0
6837.687519609413,0.007732704474079542,74.58976188340898,69.48163479231958,261.2090957566775,171.54967595238887,0
6940.0056668793995,0.0013676907997484844,40.87608338602139,173.01915973878127,324.65179739356256,308.46332848811625,0
6909.253002240483,0.0031298426789708664,74.13123693177928,187.72388284978223,198.67778960387295,351.65627763259346,0
7129.858832978131,0.0023792544700462033,25.19507859840115,251.98942062216943,101.0086121673231,5.936237849501773,0
6791.970767886622,0.008308817073185116,4.044029844684603,213.1122913824876,285.1635063549767,356.06779830046673,0
6708.528600719167,0.0009897240274952333,40.753972702305155,181.88072745696982,138.23672316383175,154.49903744790174,0
7124.028841535274,0.009783544173453148,35.58636306484065,160.35909420546636,245.92503573122133,91.82398946833175,0
7086.992799897581,0.00752581441942009,96.73710746744553,128.67907459129862,176.70958452383107,278.7486606471183,0
7177.542895997099,0.004965770117421129,90.14246912390428,138.90109783046384,94.55804734439369,130.0613405180947,0
7199.817561482316,0.008539699037634619,30.650758365834978,12.202620264023585,311.0296940774122,201.800258125221,0
6991.211406407886,0.0038652362201863073,29.14644748083735,189.33134744070682,21.941262516495637,354.49056912746084,0
6776.473231993025,0.0033212422996885442,18.909194681806245,356.756611293611,156.74690730424254,128.1695760397864,0
6824.344880442998,0.007222555302494158,95.79302990535396,294.5379462184702,48.635243370964695,351.2764225817197,0
7130.396428922649,0.004962976293684752,58.22859401254476,39.16749992737341,323.8201389264904,220.23067440215672,0
7082.968294930487,0.004193696195238548,37.006801569619064,312.75919567573135,63.31174818237471,93.44560985622742,0
6985.399269945153,0.0005548985698644394,3.2993553564120144,137.9475684082057,206.02349565358415,89.85716529381234,0
7134.165837753748,0.0048905966015841545,79.67632497185426,226.43076037835087,191.73671480241558,235.03049494174974,0
7055.646725238987,0.00596915058256007,57.586561786821854,249.68969385511627,149.0127407081312,342.3499654160092,0
7150.00598523872,0.009815704745560122,34.995856326997085,220.76501802557587,158.5337678595953,103.32670525402906,0
7045.107491432514,0.0039823113252709826,66.83368851141103,280.2653051444092,115.73351479691014,194.29878248528263,0
7061.770991384788,0.0008801106148785063,15.088171406560718,116.70999709994385,76.30834774748979,260.81222870809256,0
6868.800889247806,0.004478238314655046,3.0306363877723133,57.532095764124676,200.87044074367816,199.53970669560795,0
6999.668443310593,0.005755292571116052,67.8186727470273,240.68749463794313,256.83100493415355,255.50100498664895,0
7093.245994639842,0.005882277364922462,7.389135261425338,69.7644955494787,94.59606156881127,270.08319761406847,0
6879.023318094772,0.0035396614047843227,49.47833500811502,130.81642016661016,228.3206545984134,236.36868045703474,0
7164.062247208968,0.001378055136503022,14.172683106440067,203.52195897105094,268.1120144980204,79.64709143851695,0
6929.204494595469,0.007191865906482683,95.11008596783861,351.36798957501406,276.1161965447728,233.9103030181023,0
7179.506958231075,0.005917919636974771,62.02809635692544,62.17945388760949,32.17076157116969,89.2647497326234,0
6819.278797566089,0.007844928480078015,31.86518332294109,355.5673920976559,190.69021232598197,43.3688380138467,0
7107.661033824085,0.004057118575119099,62.627871321852375,18.24783273705103,227.10604532266032,280.9364533710315,0
6867.826162829979,0.0025937411731861647,9.210348263945988,221.18079792296365,228.7872918061569,95.67920161054701,0
6993.658198480769,0.0055114686642174435,58.45784444089225,260.56893374358066,90.28621884907858,341.59513559303804,0
7002.2882554754215,0.004274422291426967,85.41669748953053,63.40472099124901,28.982954136366015,185.5256400422403,0
6982.504951952852,0.0035150857686484308,62.738173352127696,95.27320536198164,66.14738894362355,225.00385882056605,0
6720.499464865863,0.0056640120020632415,11.141759665982226,163.9442784136972,225.90363459486937,301.62361884227613,0
7072.3583440601515,0.000343026056330333,43.75951297211945,339.89745304080293,305.519865173921,247.48588029119773,0
7136.155545201329,0.006557716542522565,10.31183138550904,41.95410664716421,290.9721491619306,297.1015982020035,0
7107.868550542743,0.006400358708694082,49.433391497712925,52.69560882446577,173.01711114096594,119.7193230254094,0
7150.263689663475,0.00041987058760129437,35.716943419376335,19.627176396456285,151.80889720926353,263.31452803469375,0
6723.187353245541,0.006733274181018719,30.452541014721373,16.767817254629463,319.47952611687896,204.61728983146267,0
6887.948201346744,0.004248755682228372,96.67685723963864,167.50632705938122,270.7283274496105,336.96688533540345,0
6800.53916498105,0.003721795559449554,48.76266883584168,260.8908489237934,6.38747082936769,36.688450642399616,0
6800.56385569534,0.001545544993756195,62.49735431199498,17.287850276432245,290.9480600277194,147.19819625832824,0
7028.827107776807,0.003861547132269051,40.36957017215766,105.30682858998054,201.37155060870194,92.14468693305206,0
7152.2496442939655,0.0071564209749831,74.0242696913731,79.4392862744268,137.94284674932447,342.52113944128286,0
7178.843288221729,0.006373294380684369,52.20556021587214,18.3044858094213,241.56019112836134,119.94822383773678,0
7014.093927556484,0.007975116127273306,47.93100703209529,54.97199092198268,326.670288778943,13.460587343909918,0
7080.953577941264,0.0014178464132016282,39.52923405209293,94.31222957071087,163.41267596753434,69.13945774926113,0
7144.038300327623,0.0020352016833979814,77.77670639656924,243.95396220194638,251.90553871676855,205.6041384157444,0
6704.334086682997,0.0021041897057371534,56.10186119868566,260.8633822822528,259.2141226715958,129.1827746783798,0
6714.482686033571,0.0008634881435586112,25.674782664129797,288.10818759109736,97.17436362271445,83.52375537690624,0
6782.088309253406,0.008911165152043694,65.6745589818683,224.53528310217513,278.45932121195955,82.58795710491488,0
6904.021350771893,0.009057336997942865,63.62665991697049,73.4520946503511,180.35486972176753,270.67543933062285,0
7170.426643040526,0.0021303746139131733,37.7570692957117,310.8614193227689,178.77744202209226,256.98295113162703,0
6721.485544404756,0.009886166626954584,96.24549348991248,314.340303023324,108.77758474774086,218.72980171708144,0
6795.572143900659,0.006944089974861273,43.96689143217073,288.8796385366052,280.1927125205478,317.82506668268843,0
7152.140249244367,0.0026679827577915857,34.00910003691584,46.276196015451035,72.7875298548732,348.84140582302314,0
7068.671528202105,0.008288534298402706,77.76194427749824,76.52014871169801,254.15479158371983,358.0264683723839,0
6826.6054445046175,0.008140854391519637,25.418081894758803,63.54460098108808,204.1729874452719,87.23321271072466,0
7155.700752813909,0.009322096349359092,38.45161287036962,17.964886757781144,247.4182478672989,3.905337333328114,0
7001.341618225995,0.001996974626251192,69.44675489424993,289.6622024130273,226.83836627663578,17.648173208406284,0
7124.567439139275,0.003811913082327397,72.43752513333338,85.7556784236386,335.6396824150419,140.89240045331357,0
6738.563084901287,0.00864523618995239,62.18786230384318,291.71270322051157,281.1676731401893,303.7016540971548,0
6850.702860836169,0.0020578478366261787,24.899161806090778,34.326813168676374,321.01746046248354,265.70665411514545,0
6976.5886001055915,0.0030980261432867577,28.137366254456744,62.60100043062498,282.26579440220166,82.97076672140372,0
6964.641203151968,0.004837462205805483,65.73662398451384,237.41546083267207,138.56941418863568,46.44038752618726,0
6856.207450463912,0.003416577663213384,1.1707654325549008,169.16068012440562,230.68474123689913,124.55064695932764,0
7031.929972134172,0.009451342017194143,8.99966775468894,66.1668894960073,11.012567997846357,31.65001582261665,0
6915.220171709049,0.00343818983223161,46.28502054114678,314.59221044352427,278.77859187859036,115.93770132131408,0
6794.431779082615,0.007173737148089917,93.57518917753573,86.75595959140914,93.30685936258153,126.70773450196027,0
6894.466001871828,0.007385384844910736,6.648087600768014,185.01623219815994,246.3978865813769,356.74189357033663,0
7165.89806073616,0.002703090701606103,10.403247942649033,160.9482189827622,105.28743913423732,333.2784817770975,0
6822.970809216789,0.0030092711256601177,2.2514085463514206,10.70020580311974,129.47623935468573,82.72195116258989,0
7138.919919641099,0.005394813333110358,90.09361651488892,338.110995319429,174.45554102346523,0.3721502437694246,0
7030.973598631084,0.006324816448776147,13.966133135925944,352.0904522068162,78.83155081884559,87.05552166519941,0
7018.833511013801,0.0007240144639883842,15.98532541925767,305.7193196505987,247.85242807423276,162.75215728486953,0
6844.274613444521,0.0016329951111704137,74.1570247199998,308.2454463801191,249.71585807008753,300.80913090848077,0
6954.863308750344,0.0023352896038748646,8.104251799256005,23.423745506413095,160.87461218580756,131.90050321443692,0
6796.178372864617,0.005761446836899957,28.516817603487095,52.428762745911975,2.2432722048039633,340.0702122467144,0
6926.229665989812,0.0004905247712493701,36.52034992306499,126.39864802285305,100.17496411466021,201.37947396690265,0
6908.833912795747,0.0009040242713170535,71.23767870654075,199.9809681977976,244.0297580576263,106.98478981453025,0
6986.476868360239,0.008055166606038762,67.41475043273981,287.8529715886667,120.92183451304017,250.91912781473388,0
6980.078706429931,0.007990365728370863,76.04665974242613,53.780914329667944,48.03113868029916,295.4791537193113,0
6982.924027443415,0.0008932767534269283,91.46391137521323,341.56627596330554,329.3239944673158,236.67689147981068,0
6989.801926227007,0.006013331978841958,8.039975524274244,25.601572299781658,11.09960809715648,323.90902615150515,0
6843.355236698415,0.0021603572232489526,87.05922862563314,48.55322525272912,150.4033623072291,12.194238264813508,0
6752.366315551282,0.007634718734519509,13.503578544231013,16.560601716202118,5.207054487431866,29.477043321058005,0
6932.623689015093,0.0016391461721566485,1.5170180860186382,94.15737295780833,230.9845206959721,312.2499279994783,0
6930.198194389748,0.0032463507646024715,56.0733207253196,120.93701580453344,343.56206999699344,287.59806363578366,0
6718.992450567301,0.009828131050666074,86.26078794331514,293.83437376899076,82.38631253768513,351.66864291885554,0
7039.9262963261735,0.0021678893071416672,1.0280080557412878,132.06444364458838,0.9825661673062358,160.06586363492252,0
7136.442533412044,0.007422654336589311,60.223299943783076,13.95056203501575,352.86173200741024,282.47669359867984,0
6702.115560803229,0.008841064705068942,31.87546533689051,8.247355552399753,84.69321587417159,208.39534583892083,0
6848.125289358704,0.0035519877069016452,95.5086020343564,144.70602926189778,96.49117188689567,132.23948742076178,0
7008.400402400288,0.0010780823830248345,55.78531182813911,51.556210892288455,212.2309929297817,305.2766708574163,0
7010.827030165362,0.0015434371193927914,0.3782446369789989,289.89040093980896,151.24606982334302,314.03740168542123,0
7084.880666376863,0.0009078815396093434,48.31818468860046,252.74520203015788,148.92348056710136,9.895166345303089,0
6970.968694806528,0.006558546293060479,6.110358071699482,109.74924980934892,20.133758471149967,92.08592364357001,0
7173.36071816889,0.006524653725627423,49.77141929653758,167.93175271997322,352.21580964805696,160.0288394304678,0
6984.519848889162,0.0033349790667030524,15.551704694500984,42.69760505278106,9.20653837973543,211.09513449382527,0
6959.136852470035,0.00867469700944598,83.62592510165486,61.02371649730902,179.92824499018582,139.09605665194462,0
7083.471131735301,0.008115444450059425,23.5187225488134,212.27445162682343,90.50646805577837,202.0984898071859,0
6703.734149736663,0.005104606606082421,22.836360800168187,196.864690087179,44.141727646355456,204.653114803484,0
7058.616472765973,0.008404802241117669,44.45392421422976,170.47615199058404,226.56468378485152,30.669774969021116,0
6859.959446582863,0.008460625601712684,36.15921339492773,250.81274257093685,103.75856768669934,141.6061173245973,0
7148.610761714964,0.005514105073122368,66.41219831281302,86.6182600266181,348.2405349818201,227.42206827571496,0
6893.041173356141,0.00964520044659983,18.82841391411266,170.1710814380433,310.9003777460585,219.7937818491872,0
6803.487713420978,0.0065706467790585974,85.38299888256661,324.1014553711238,344.7259535203466,331.08596484100593,0
7000.336571349327,0.006782625919500828,58.16820147493579,232.0602881356793,165.2948937193143,51.139774183891724,0
6961.497363332998,0.00961951400064278,25.54855199337274,196.9054455194216,80.59007690817037,349.584394206942,0
6947.847431114071,0.00835276305788425,37.91030999473293,318.1366800366189,318.9105173105207,230.94979983128454,0
6937.651191139985,0.002158909453477196,21.867469406347947,113.42038648123541,60.26865302664706,117.57019725024517,0
6722.689735085208,0.00403550481760943,64.82178136368799,238.22956895837143,124.11120329895883,35.630622369300305,0
6933.703754963772,0.0035432621161080712,23.746532784265256,242.86313762449998,118.82331576832311,141.37055221780366,0
6856.967176391851,0.0014043615827419758,38.10375445927671,120.73585417212175,90.26405080508579,25.1382079324426,0
7156.648950251732,0.00932535567934375,41.648811902573954,51.26859128546205,228.28084980276134,195.22395880129653,0
6753.792147012723,0.003370674770085155,50.67976824859832,24.086709896695986,263.28053778071745,102.8713591188034,0
7147.1872386514115,0.009438580678934258,4.56705510119638,133.7280558042209,74.77578098394709,163.42071545258048,0
6950.4731597249565,0.008408552459904076,75.191146889573,18.89987227637532,21.58940561470837,251.9378067023437,0
6896.132227881652,0.009277168325974914,96.53708737320032,187.6795160953446,171.24239209002323,349.6388438192745,0
7099.555940095242,0.0077239132862555095,5.9259046027418805,333.07037310570047,269.29208928185903,308.80780206757277,0
7172.285085291674,0.004068086756397943,30.857855250689685,290.3338332311026,24.982814929926334,32.81811838505161,0
7014.461056931099,0.008893863293111494,35.622935324085525,259.4867784890007,150.84455841441124,267.5228801718362,0
6863.045440960795,0.00027698910680595584,67.67860842195368,40.00116511007916,271.69757564785243,27.45365828663172,0
6772.951786914503,0.0008087685651744675,45.689353742184394,228.39687589965962,351.527148364466,15.314545025136628,0
6949.277412560848,0.00232005843677667,78.4701259142859,299.2411922233637,208.61446736004572,226.21763841671216,0
6963.089504884438,0.005043459106794946,74.7017750192386,271.3604027780133,67.89674227983016,305.0860512010159,0
7095.327793398873,0.003265871514887767,71.7537916326277,145.55842316440163,37.03868463092743,25.40902397183271,0
7087.622951950055,0.007730320141405909,4.219222584874027,260.80764716675145,132.7145115513295,216.26073638375115,0
6723.960781583187,0.0005840256448450533,69.90884972845791,297.11430477501057,275.23774472222846,241.30886031017332,0
7108.380037033083,0.0015982245333982998,60.566436070336884,176.42203302387182,285.2486028641276,81.81732618535787,0
6862.269470376598,0.00045794645732254093,44.014017867004526,254.67379497471308,23.56912277747807,140.8765302003442,0
7141.1257535028335,0.003722013204783895,96.1056896064553,126.52828663193672,87.12753405010913,303.38383041065634,0
6883.773743177535,0.005527440240481782,14.392071165173999,53.17299093222338,183.0755583730278,352.764646858832,0
6860.001876866718,0.009829406341161029,51.47068223614856,167.5367333048137,330.5693402536979,325.78242944290514,0
6751.639564123144,0.0010056601487115808,17.40061394841874,151.8360416346311,139.23364534932665,50.21451024235424,0
6742.618797550965,0.007972565567261215,44.59183765748136,225.0024100181283,171.90845288669038,120.07755458804372,0
7109.473603499982,0.007528070426478452,79.32297711165721,93.49525179946671,166.54820008949318,238.46865559936833,0
6872.247598695715,0.0035261011981794453,35.06638569272429,71.86757830354597,2.5247674698781974,2.0080064745601334,0
6819.223571659976,0.002634429039440839,29.319726866079055,56.03958254332759,307.7980697848039,249.64075020511802,0
6785.279194620123,0.009285359849324715,50.24847634501175,15.30641590947885,67.54610127621996,127.64871772768927,0
6980.771407200847,0.007170363643879916,20.52588533281381,262.3658404965858,137.8432297907659,106.77935059159553,0
7012.509157053149,0.007407039368912839,94.25562734228254,133.919241532305,22.72078659146041,254.3227864419586,0
6708.367960857166,0.004832167948392995,2.5597616579695086,250.96211064912333,234.60324867630172,188.44347645828952,0
7097.702695617579,0.007691963315466463,83.09861421507672,134.92283269844881,153.97175471479525,80.31398380035031,0
7065.287339943732,0.007042935082683725,84.0997031975308,278.4971190270565,203.28239158093186,324.5549767658846,0
7099.604275557772,0.005024126099432949,37.24069328088714,9.518671572869678,292.06861191286856,77.45121800568103,0
7009.373550560206,0.008869474624895872,2.957579735214476,24.3952569277746,232.75325119064632,197.69055195191797,0
7024.700045747148,0.0003178479427393197,82.61241191322661,328.58618522819273,100.8024862237441,33.125593735882205,0
7110.4965985675435,0.0007211121568934315,42.8759113033035,192.73194055893282,285.88129831827246,274.15249125469916,0
7132.761977985425,0.005587336391342332,26.100999496218854,152.54207290452504,316.4785030247597,85.56981999991864,0
7143.857177098471,0.00753627979495573,94.61026524093059,295.6993512328901,168.4984729156049,153.06242742838808,0
6956.8383829232525,0.00535085139727444,40.522102135625026,334.257400502417,112.71594127905807,179.3414583143895,0
6965.252311051871,0.0090072098688158,74.94595852867704,263.8231729221935,17.011087288180295,247.0570068779087,0
7002.254186445275,0.0021751116844526564,60.28995510380394,323.12318835262454,302.9428414348767,246.77998578250185,0
7071.24497317128,0.004806226113483458,9.6000802401965,141.91808007321757,27.47362980559336,86.05268257214593,0
6830.168821810338,0.007543754836773047,24.313382706086667,147.75153088926734,314.46372469479445,51.45624215121333,0
6835.353814459417,0.003910993946802417,53.654541589224536,334.6643599904815,145.41053335399954,25.51245326926727,0
6732.468536054275,0.0019276459881473812,0.479305660873911,307.5468709677712,154.25011991934147,37.09318988180264,0
6856.157683772955,0.0002124227952700818,58.40363069373952,125.49708353494341,90.78202603489729,120.90895330037353,0
6971.923015241153,0.008657348639793679,23.716127247658846,195.79954011523648,69.20577669094283,144.18873339951716,0
7075.158965005949,0.003172397741553968,89.96960122490044,242.31463896774676,223.61454939757152,242.80807531895783,0
6749.357346806971,0.008013732674836302,72.40876799761213,356.93872665074866,171.5611036654163,55.27460878195717,0
7159.46672500725,0.006674231479491136,97.89193446408572,140.33471696525345,95.4229967590938,161.50364923708455,0
7053.67714862133,0.007021038301498091,44.10425309256439,173.35940142195906,329.5410656541933,343.956470284249,0
6992.621829757977,0.008494022778148891,25.87889275445196,276.4948245169359,292.23970566001833,303.53410210834306,0
7012.559598048681,0.006262519581485013,47.54166381446902,275.14895739475224,215.6851236272881,26.871004643094768,0
6938.907523890819,0.0036402514468948897,33.277281399186045,43.19815737400965,152.28019936390572,217.09342538965004,0
7059.01122060572,0.009158536940057927,33.580437744898205,330.2645168048534,352.0778770071296,330.01167574123616,0
6809.54924146706,0.006039156082459483,36.11077047203386,196.94338803721064,316.9321999408914,249.2491469765512,0
7174.290863333039,0.0003555896421280375,44.71793803406808,113.18743190685502,300.7572518183238,264.57151990441565,0
6791.618370256453,0.009218687641978439,86.02582293430603,146.15386291626277,277.2672521924594,318.29705819555505,0
6706.428049713457,0.0012920057880022393,95.21626294808651,127.78413461303353,353.99655223780115,285.83245988471793,0
6798.567905648073,0.00037384037410449463,79.91110945573317,56.571959455451754,90.66645310889596,57.42271626435975,0
7015.125728358121,0.00019108383303142443,8.288834796275893,237.31168193502984,339.8889177642404,200.62447148400614,0
6727.4432401232625,0.001727268468105356,47.22347686008702,189.68552676250624,330.8514597184431,328.0378748654937,0
7058.891327039915,0.0015862070732459706,89.69148537906506,308.2647204360387,56.196807818293706,128.41967031840747,0
7176.8809132583865,0.008759868331992049,41.47148696783198,118.90212041473352,35.668203564646554,88.51094051696806,0
6739.175069677029,0.008200489293342016,79.57045361234609,176.85975030182732,188.50961149074226,124.71784214562962,0
7198.537980215847,0.007374247832869602,23.575773592300617,10.323079651970101,116.97184173947336,351.89831308052345,0
7025.603838441846,0.000771237023382203,8.103532410012226,292.0308102036318,83.05403800675651,0.014035026330447842,0
6996.1071709949665,0.002676849641450835,61.565154936238216,307.4289577621951,171.72222963282613,346.613855993192,0
6857.1905263699155,0.002702463534833678,72.88708875992552,173.13179338106374,306.29019369905893,333.4046157883961,0
6768.8951964993985,0.008179877061417722,44.50453312277801,355.7245411645526,274.92973868672954,57.13604561866666,0
7181.245876756672,0.0019343026587166046,89.13725649695962,151.5925017330401,29.452625159926047,30.155054558630003,0
6910.592028757355,0.009245761731501828,3.660356046587217,3.0079081747717407,101.6542405767429,70.43559369406104,0
6827.257362802925,0.006905737135022815,44.551694599515685,219.79111686793647,181.955231647068,94.12346450085093,0
6901.96339086528,0.008560114468389285,10.698885175737733,359.9720905392896,356.0889146496537,127.55756746807113,0
7174.268178889537,0.0036365180535259554,53.4855881951455,45.72460471906449,254.84896356313484,119.89175404626708,0
6797.374801764404,0.0006190438355506117,40.49995662392275,326.4209134989857,351.35720821859803,260.8370022914659,0
6906.2180094340865,0.009071675667382912,20.675512181727903,42.505581035211584,101.6826241624982,50.58849185031276,0
6764.728873810485,0.00678984351957945,92.02221812742572,20.568441292112503,336.62311110383524,182.68573764282914,0
6892.9137645325945,0.0022532879077805357,22.286258916083415,28.95087546476665,184.27807875781014,349.75300723716634,0
6908.748716737835,0.004317020910794082,24.10838577278944,152.13193533381153,51.60379621657181,190.51613605005352,0
7113.640762487472,0.003175539577302862,82.27335965421553,343.31385970188614,268.7307349232647,337.2715566784584,0
6931.440092984851,0.008493491633586469,52.088113637312304,241.05649954739,276.03850660971545,28.101120443890622,0
6796.515536385472,0.0015800786144716914,25.8489672290552,356.7379137841445,320.60949883445414,332.1950066305052,0
7185.302242328179,0.007279255049566701,17.32624243168465,119.55311769146275,61.89023733601206,60.59633904879809,0
6975.24389672386,0.007013707940510921,5.903264896997155,97.5151248846648,99.1537888437403,120.16438060100097,0
6973.9793460415485,0.002309826035387927,6.379767111164262,254.89787547392197,223.2443182619414,304.5047419734782,0
6791.902847154635,0.004977485542763204,83.54934506205822,182.22558193176883,128.77704438316806,126.83777546211512,0
6900.469203841536,0.00684138913015285,55.27201601814963,348.7957718947896,25.424770932078467,104.21797219334121,0
7134.475227247669,0.005530129462380416,26.233894724934565,214.33216637455004,23.94982737592479,71.69569076609515,0
7004.0373322988635,0.007822041596369365,27.76787708766746,299.74917153357876,11.20719089674521,58.83868956929359,0
6920.025594808594,0.0033692691232569266,39.12039713965474,71.93640449790497,118.7005034635053,155.3665166254969,0
7004.7591804619815,0.001559349038537859,13.643946333004935,349.9886060546759,48.827195554320745,358.80864500102996,0
7131.769481864845,0.008143421745150163,23.677176577669606,96.34922935953959,14.625709404457625,157.6427719282893,0
6959.61752792029,0.0003609927934078572,2.4596156489445633,93.17204471448866,18.182799663486556,83.57835912011018,0
6994.6277834529665,0.009919811021958042,32.92773466674268,63.510315878955915,4.6089616346578755,36.87707952617303,0
6714.050726108207,0.0021856167886147265,63.06363322913084,136.57298858846423,277.4629155759385,39.04040097392866,0
6835.132697115865,0.002304876798779677,0.5241421508821718,19.253865973007535,216.2727082204447,132.4922861917953,0
6826.238378054444,0.007420457202097376,59.44514728107854,240.7486997593159,150.54504327017915,313.3014446858747,0
7167.731286830839,0.0007962109706315192,36.165635315448526,168.45925076650866,166.86218664361382,49.3872841687148,0
6867.463238956896,0.005795531375030485,21.061000581892394,38.49008351758984,56.77400517489455,87.26366933364277,0
6839.423634921939,0.0016008565700040068,89.69764354892318,69.79302772856947,26.834456062257015,326.97326444467666,0
6944.821583427511,0.008719814357244622,91.85316889630587,216.26700505941974,20.86117783444978,56.952799696786634,0
7159.858504866414,0.008225427147751492,52.190182658625275,145.08344416758862,1.3082347748504963,216.33915411029406,0
6854.775718827173,0.008828213235182115,89.14114873891462,269.25372138330926,78.80881580978527,185.26283739526983,0
6753.154573540853,0.007684029901390754,13.097437939670952,22.33860805993666,70.35933662531593,96.55753877180484,0
6830.10043662022,0.006054919870342354,69.64818405832295,169.84623027760233,83.52550469545373,296.1766205108319,0
7000.006281326671,0.0025777439405356003,5.630586534074109,27.155119932419318,123.25467666020022,138.79045414373863,0
6841.957370813769,0.009979007286241374,12.501969803383982,244.0118418163309,85.19858449981022,41.934582691538395,0
6862.291242160092,0.0006165390783066327,46.75196699511106,254.493030312744,296.5746021090884,287.4370469932837,0
7168.932094463689,0.007437586412614511,15.966451686006844,356.29138138876107,54.008907485510555,101.73515564355674,0
6703.046819704844,0.009269357337208657,46.59556411734852,339.8822640846061,109.24822232628182,53.22674906796771,0
7094.945623197077,0.009566587887885215,34.88102549122026,347.71546536902014,34.448332611196484,307.0726168037879,0
6769.489701573964,0.00236589505613781,12.572479370443926,333.97924624901026,53.53621528946846,355.2899834740222,0
7060.889400309137,0.006912309279660226,16.213248753817865,222.00472613006804,180.35335218372353,117.76032707611668,0
7155.338162912959,0.007391585788171046,79.34874780381219,10.569848002397318,131.68019916253525,330.82772179653074,0
7090.124544332922,0.009867303499763657,81.09181205851692,170.24378698805944,215.71723366634075,298.3343092277501,0
6796.904081126125,0.0014844287064961301,34.84259817849005,127.69094031678787,200.86037751017344,128.50454878858983,0
6934.691853744487,0.00573638572587923,13.134295207423879,154.36658269922637,5.3982266902732645,5.297968252923848,0
6947.613008681875,0.001005022596289288,16.436944331975667,311.2349891824277,273.17213859973003,261.2289480871496,0
7030.161902899648,0.003621119707281656,47.433273357294425,326.3980693348446,294.47587817608826,143.8751252891419,0
6725.682402110611,0.008529577654145193,96.31041841860456,152.8112113868639,283.7330220308027,241.83924842111924,0
6918.942179231176,0.003556007656169836,93.86524947554365,199.19046083012475,237.83550352619648,165.09113640837327,0
6757.508967859019,0.007212235146515559,0.3677695779269332,252.57908810011514,88.30179115504097,207.93100475330763,0
7007.897649679753,0.00010472619636142221,77.01347134465318,103.08437653055005,178.38623693104086,62.76818807639723,0
7116.480279355904,0.009707136021352711,62.30822958446128,101.97617524363892,306.24180054968474,76.81955870039569,0
6955.24689203657,0.0030551739419213625,83.71961055712433,198.09260434545686,315.4802371124806,18.22868402297697,0
7128.49829234567,0.004882408655501745,67.6796696304418,170.05785387505642,323.76149051120854,336.0040993448666,0
6939.440774378426,0.005409897709481992,17.940365826914572,266.2844267723413,76.38319184047694,106.87004951752584,0
7022.323625465195,0.002915635360804475,29.14611892829581,248.22926234690442,247.50559262196657,139.98195178677958,0
7113.2515990355005,0.00041869082452259,85.89657610779423,168.74341124971332,205.50959176040527,251.36196589883758,0
6722.540709678046,0.003311465988390265,46.937691993427784,349.5900565277713,237.34684806028073,116.61698961174717,0
7144.15187458974,0.002474293028778359,7.079244489366361,19.666417187838295,72.59384999333383,163.83005286965943,0
7011.005878685804,0.003211484625064966,19.996673450693518,168.5747392029999,22.639159400892915,149.9941142926489,0
6908.822188536524,0.0016625883378948352,5.8304275671811645,160.61596193427948,295.05429173147735,260.0422885737964,0
7192.749891860903,0.0019183641138431008,92.0204790628323,113.27589155506237,29.868193247906426,184.8782252393332,0
6773.308332082968,0.009189401274285967,31.653316569639124,133.14878877525982,235.6298515619556,112.74971096485262,0
6928.4040650974175,0.009754339331419747,1.494059669325402,256.82721055652667,6.75386392966848,222.4431811445824,0
6746.385849838173,0.006604718343063051,75.57561920547596,34.520303827516315,298.5795109309821,347.6947401326495,0
7065.950793756909,0.007328183863912551,23.890185972729686,88.79647997816984,242.79486962450906,105.5701117603935,0
6876.146628806071,0.003940636852962613,73.1385258516338,320.52370516093674,223.03045658903284,30.809986033053725,0
6742.366624085362,0.006716862378848894,12.960257272435886,206.99264424902134,137.10407852582819,49.866100648852516,0
6796.342618871529,0.002795504053298113,72.62730549711,90.03672620126936,14.05240085485524,3.5900278908685923,0
6885.872796843356,0.004769563438966741,26.5196753881884,5.846451207468317,345.5468669770732,164.17345329067683,0
6943.7562315933865,0.007473727347717032,18.71026346477907,351.7699201670019,321.88305631480904,108.45494417145082,0
7010.953102710771,0.002487903312339401,43.72182837208945,336.5879397893168,78.8569231993784,122.05168101786164,0
6922.841252557021,0.0019456330759249694,24.494696495428098,350.66498103942337,279.0571783836807,297.88015582550713,0
7152.160056737553,0.005274440700297625,94.32182269879576,154.61598721913322,202.0910924092222,174.4381132217559,0
6921.818039489533,0.0014008921432312213,63.20699229085275,293.70425347418563,232.62676466654048,166.65402594214194,0
6885.604543719561,0.0029981172181824645,17.386578770769322,39.72713022609122,163.5870884180498,66.41125824733477,0
7046.706196850964,0.003474701461491788,85.5423687778062,33.301779591972156,115.67382028709918,150.69745488080653,0
6972.886617663806,0.005632863739114109,21.912232793968208,339.8316318866966,215.31913524442635,351.4169644907868,0
7103.796930720778,0.008511905878858143,37.173695745630425,89.98779400939507,237.09384479955548,267.89913432096915,0
7180.945720492172,0.0077251573280623835,1.1291161689645868,359.24992216604335,2.8865648710342295,321.7619214612431,0
6873.938585312863,0.0006935582288526481,65.01353046801712,50.590037173651446,303.56296360232795,26.216816323220623,0
6932.63982163836,0.009898184698649467,86.87048907635021,314.7350339690531,150.4319099589308,103.03784099540715,0
7153.690002871292,0.0037182404084606224,4.8913401214957775,64.21510584306394,272.15961360985057,178.73441318624032,0
7048.930382001297,0.005037962008992456,76.52779956538942,41.78282651752121,308.36398340838934,114.11979201274976,0
7088.9110108778705,0.00273730352644239,91.47217286095322,137.79821389303584,183.75728921476053,224.74198759019515,0
6744.834857072262,0.008070335159513555,79.18261470575777,38.80933797971854,68.54365438397548,314.5983811634958,0
6956.632830050555,0.004819196181196413,80.22319611820345,271.6578727913845,358.94547968213254,269.8351778502423,0
7095.8967288466665,0.008099581836747263,25.059540931544273,41.14016974455938,84.52056308199961,311.4122927080489,0
7183.732889199731,0.0051047978217402855,89.14498544191241,335.655304555542,78.06073714824056,176.9001236658869,0
6974.48839455593,0.008920056184007537,91.02655237592666,340.49539799544516,218.76916510026345,166.7672372476629,0
6991.631395443035,0.0020253681604214483,42.70697913501626,192.6736279650044,64.7106675720609,240.4641959564283,0
6877.350511832386,0.0030226050526259186,45.481497754839985,272.6739284875493,330.9043680527845,276.2130504988424,0
6735.255792926695,0.001466201194222285,96.929404786362,353.25428815565067,243.99763335856588,30.18221360270521,0
6922.709107773869,0.0017562260576815163,78.70710238818512,208.98785839508935,332.4903107686657,15.060741162024334,0
6784.865868841863,0.005027630565473053,96.75941686644343,239.03598661551894,176.58760853186703,276.24286852532737,0
7007.367334464347,0.0038953083351933155,88.87780815567488,348.7732332656057,353.41973446925556,230.9466660193379,0
7045.083176870754,0.0017668296519555771,11.720861159398542,221.20252823604636,134.8957024091519,240.5264841808655,0
6772.64639959979,0.006811194772671716,76.48934165525297,345.4175446022381,137.39741086446614,50.564001598656326,0
6802.464929928496,0.007619921836140567,56.176594555725416,35.82002192959559,242.36279561633637,59.94189384400565,0
7053.230849043849,0.0028948961369879367,67.10716294412573,92.97623210075248,218.1130237290376,233.7537255856485,0
7161.996421581946,0.00976961852105645,57.28914650126274,149.71288153092456,281.2418058724113,238.98110253152478,0
6771.308491885748,0.002890488671825944,22.835243880911555,9.673142466946501,181.85494766179272,302.1994441313023,0
6903.146248142145,0.005733401299275765,16.952600156124692,340.4569713956278,305.81248711779745,236.8805465534145,0
7106.157905598504,0.0035127101627727025,79.39875854544042,60.72242808654042,203.98723105252498,337.7180140791203,0
6704.531387817808,0.0005460509291423292,26.312934198213625,31.58214832242093,179.61864804945444,104.40322440634606,0
6743.732674454176,0.009725547737136743,19.970938516633343,140.1262477919758,256.4265916292579,129.8795324966739,0
6947.353406167627,0.006797073644421866,31.703106612627007,290.07288821205725,274.0418424960212,238.63704741463303,0
6930.930010502396,0.005994070341189202,30.432788143407453,191.06896958007172,350.42535009209337,35.782931602065176,0
6900.969261888394,0.009418605860150173,70.97735368225436,22.968115095978696,316.6274936427449,358.4488430426104,0
7158.102200759723,0.009020412884735245,48.47148703526806,109.07678768005465,236.61984557699688,24.44312360003067,0
6801.034564500725,0.006027757931301068,25.585058523097075,9.033360345540071,66.15738661505057,127.90031390125368,0
6856.776238442802,0.007119745772269477,64.06137429780526,238.9327517941868,304.0219974112799,333.37327110950093,0
7039.830682777466,0.002085690061724888,22.89837015487894,141.15245677217735,7.8201721121749035,171.67838204680123,0
7086.9055943498215,0.0022754250645942585,51.07022457831236,318.3769027786967,332.60795459354046,52.507444031707266,0
7177.428294686708,0.009170796173845976,15.74019774905745,234.05476341185357,68.7865819321238,265.2478684395823,0
6867.67188565807,0.008875075665275775,0.6224886431760164,73.36018358120674,301.81379822782435,171.86227797176628,0
6882.264788666117,0.006284055564279191,70.63946291926665,357.8540732945107,38.93227026773301,250.5192193764622,0
6927.76830819735,0.0031849612666929156,92.17661293439905,181.08546494236984,299.5818182388055,78.91627703165847,0
7132.895567854939,0.0005864927162680077,19.66914679909377,174.8077285129951,57.12435945716181,108.52379194437448,0
6999.021050535208,0.00379658024181139,4.950407686349527,152.3921606211712,33.27519818781364,8.024202527396461,0
7182.7764782511595,0.0005993397657077108,12.115630058082562,293.2373104836359,152.95311568388843,131.02704480530622,0
7155.0026358928935,0.008254826839062514,34.27775760196727,233.7730980476009,63.48797639927816,171.57302230126143,0
6787.036916019371,0.00522826961792786,9.004942205438152,314.01027471254764,195.86487895019712,317.7823878645405,0
6904.815088252578,0.007633842819687925,15.273453966929937,197.9387630226787,341.66670308508475,123.13276610269547,0
6958.45084298691,0.0061330338098794955,43.99341427784544,26.68952188133649,273.56530546762605,196.44192788265994,0
6892.811182172804,0.003323438719268896,27.233779923342972,237.78593284864672,249.86452351817067,125.09906336709614,0
6911.435044539167,0.001496268359130942,95.20065963678849,45.58447117063714,273.6503735047679,41.20468991798877,0
6726.284436280908,0.007819258551593426,50.36010202722281,296.56592360007994,83.16162795705368,177.3993466247601,0
7003.5052855582535,0.0016812759273340226,79.04144477366881,240.46268618079648,30.245244648362547,201.23404927803443,0
7198.17907027829,0.008640575288998946,58.44289875890554,221.1291581229924,342.5891274513926,18.444027280917773,0
6937.905348158047,0.005250690515833226,3.3420395204983127,147.5725060553485,29.534743883429652,29.94938656981556,0
7024.663790961597,0.009251766661829882,24.113703271906903,189.3989311110497,266.2106256998755,353.7579355317817,0
7165.8781368019645,0.007910355661897859,24.516109927088962,9.335369935305714,93.20220408095312,80.8594499252102,0
6793.704900723052,0.0017013087405813381,97.40313668795248,280.2613524144694,243.16469678654516,10.572467801744775,0
7126.282642615498,0.00881842270567518,15.9642737056471,159.61431111437636,213.00458885328436,299.99012503818994,0
6905.438775889049,0.0009063760430814893,55.429555978146304,274.0660204899238,287.9868407636682,240.7245260357683,0
6755.983579611864,0.009541512088892274,28.47263386538143,194.08877718900408,250.6584501889909,97.29769740711443,0
6752.335704014469,0.001237393083064443,10.878856483483784,27.485262478266446,310.0302587712959,12.554859439141005,0
6926.330686254048,0.00021060383446653774,97.63904553948205,86.60410088725388,227.13847040531073,250.18086769663816,0
6910.292739049791,0.003797862213380106,20.799188748546417,201.84366608638766,252.4601278458681,354.82460056003407,0
6992.428916029898,0.006773865823278056,48.26403360074566,189.83667953714817,123.43933286691524,322.7960978931879,0
6888.633996351854,0.007515168333480188,5.099576880784472,185.8744155438791,355.5137700086746,352.6437652202153,0
7115.798450984564,0.0005027058604381166,38.33011447328695,142.0754090185614,132.84603335545717,24.01169209797088,0
6942.85233709049,0.0014436144491828096,30.1602006993799,65.72632370852251,311.36917627592624,182.67472503678215,0
6825.3467502803,0.0006352331271400791,41.4460999095872,171.59617807937124,129.65302516119607,170.08015729619694,0
7101.088241830203,0.006218849047738682,86.84549747448375,173.46833087558363,28.118460525972992,237.25554388680365,0
7118.268086150762,0.009335008647653742,62.45599126411718,162.0932397355815,258.36064344269676,224.99891508313166,0
7077.6071217506815,0.007695964002129316,60.661169534433796,99.4719334860665,101.59752344477776,6.534909522203511,0
7010.84397893407,0.0022193747341681235,24.175278991896768,60.85009815682311,90.54257302538434,33.71150546831175,0
6729.496449161824,0.0008318654992658313,64.76453088825858,207.84393371714316,16.061404870428685,279.8258287202295,0
6866.972139986927,0.003693484360775728,72.75426997071848,126.71439190267903,24.712246249902492,200.04282984573686,0
7056.185071898757,0.005125492447707109,79.34744996933122,346.78836784687604,173.31703760943753,285.79087437226667,0
6953.641938551964,0.007741964256909451,67.60296069916319,77.14368853263773,271.8924932820722,120.72809482453233,0
6856.722313928192,0.00271087254666657,22.20685330944534,66.25305663894588,57.61721377439147,94.6043810224748,0
6800.068057272493,0.005544070913446263,16.63455646610157,25.538863113565178,331.7369782476972,63.84640812920839,0
6802.632869759542,0.004632640136221528,35.87775659836304,245.02729574481893,42.94549300444759,249.87993084740808,0
7044.7337043942225,0.0031597561848994565,24.720482152016096,327.5030733035174,37.14747067214961,35.427490261369854,0
6735.307974947072,0.003495647180776604,91.70133534258655,23.023052821332577,244.24997832318556,17.970445668233058,0
7118.664115321913,0.0008708182964271467,90.97869334234079,321.9153048896058,121.44925710994785,217.4839160914675,0
7040.090829035921,0.008121861909449208,45.07953696133824,205.7015173283036,63.602874732373415,222.5036922264642,0
7138.399801259028,0.002038119847367569,71.1320757102961,190.32267929530605,352.0229285211668,45.238224316050214,0
6902.329500348513,0.009826489900371656,24.548562860281933,53.97599497384252,21.028794428307968,255.08752606904017,0
6751.493506543217,0.006019858622363812,81.53397692294327,273.8402225777646,105.53490942731258,183.2960260453241,0
7112.051463654399,0.0028289187615137628,79.48413742919826,216.54174701416002,20.223853125925455,14.231580995272957,0
6971.453480589026,0.002407452309563015,4.594033543733589,253.29220474586407,227.30412539916983,31.978518232604852,0
6905.036472400653,0.0039077374455502144,10.841006633055672,98.06303422335321,181.01756514284142,236.69759423070653,0
6960.8571430982265,0.005703374179020358,81.70482235700243,230.43319613488566,201.39338233390916,307.1561468669582,0
7103.370639091606,0.00018544918260641395,43.19015748162154,176.19048775897258,269.4171320174309,286.37470401031743,0
7022.333523341673,0.002682312515522332,57.96868199791369,341.4013512364394,256.4296673580184,120.11242686060213,0
6848.080782860078,0.009949220909101972,63.925017987962434,260.2574175172911,270.32912419521534,92.02150984422185,0
7131.010980269696,0.00034469083386732,69.57203900266461,305.44100978686583,111.81546765802362,213.58630861066894,0
6889.508615039814,0.0020476198880513812,11.269860866366635,59.54841409695659,330.9049893027835,249.6621027786232,0
6799.734939245838,0.001549260207088568,27.89201969718771,309.0552913950692,213.37472966988014,237.70727363685177,0
6880.660104566072,0.008539685485122775,94.17771734283573,31.714727454922592,68.10079586566683,311.7927970049129,0
6891.351930123731,0.0002225472002024375,89.38585651202533,226.2615092072782,189.29371133878197,345.7443429640284,0
6793.220300731201,0.004713034997751263,51.703791085481406,10.893953869183978,269.13763796738493,139.7407118774658,0
7054.558807672007,0.0033306369079476052,69.08249058122105,124.79109806193736,184.06788640289642,152.52748473253132,0
6920.464651066577,0.0012987463572512025,14.169439745832229,26.754278390161055,233.70848758750128,359.4337561117451,0
6785.994203391151,0.00017204517332918308,45.737301571165375,61.19465190629952,305.699813328624,70.25356985462686,0
6961.534012595709,0.008929489525423414,96.08578366902684,123.22756235650981,122.71754609592666,150.72274304836424,0
6810.205842378573,0.009946750738755367,25.313558190456643,78.64882542297602,57.98181668427128,83.59550230289972,0
6843.596157752903,0.005292244064921434,97.92280979601499,101.24633056000295,151.75637566134048,331.5103761954926,0
6804.581443152899,0.008470838526493673,8.867212689066529,290.05332977615865,280.68909334284456,51.47870907617193,0
6759.810571898249,0.004652878529056782,65.52349865227976,130.99458502414106,326.6453197131223,128.2726364197839,0
7011.568936172817,0.0036353391374339622,31.321548443843728,171.58623206948855,212.00259874337843,280.04562562304,0
7038.708492309064,0.0060508855695497075,50.095834939643275,300.0198833018622,199.83735700431956,109.31142653473354,0
6716.023913038892,0.007064258348460595,17.157297508274738,329.2080290896022,32.02167695934812,212.43723469243764,0
7073.0846149671115,0.0065377673540411105,48.74014419689728,233.72964286953268,321.26104945532165,97.70327113506595,0
7031.385068942761,0.0031596104757067784,72.40106794698829,34.53442388918334,297.76607985555734,312.74952006484733,0
6906.625341963369,0.004643470789503426,40.734925982710685,166.37725781426286,332.3916473820201,257.26172840238246,0
7036.586056749523,0.009833179194144578,57.99348069176905,288.2689847112542,349.6080220716643,345.89462130766503,0
6949.399564954878,0.008105382217930958,27.298709294817222,31.98465741669918,288.38378248350347,303.48287548493687,0
7043.617237262625,0.006928939931058205,69.0827891472909,45.715550576979496,179.06756211210458,274.9509043927778,0
7023.838317378268,0.009180181246621373,63.76462301775904,115.4514222770689,244.79881096211884,80.27702751223534,0
6804.189789939162,0.0008077686792421397,3.1793907083050406,255.14288908065404,191.21727525293778,189.61247707436823,0
7136.996533787752,0.0008267960164024202,94.35753607649609,355.60969536931884,199.75913371102365,126.95863897376653,0
6723.070327863288,0.002559849728616485,67.92530850412702,307.0532263396229,1.687684511470926,102.95652026996474,0
7198.181734700949,0.0003675394775870673,55.8496675660291,30.031621927750795,280.60020098502184,190.79557043100482,0
7069.614892142752,0.00012708797175725497,19.621401811685388,215.88239823961422,183.01299237121458,135.2839253806507,0
6872.836766655421,0.008511423964495543,55.49011419498176,101.0190379268228,166.38444871692047,65.74877919163364,0
6967.357012107694,0.005068108054592078,71.74725107848973,167.3426456692622,318.05959064056657,14.17047882110515,0
7095.465471241303,0.003965325367352286,63.15653346624724,336.9467564418823,299.83513355051525,65.29736040421088,0
7026.632969458848,0.0037597013845726726,56.023114160482,31.979434570008728,252.08530996693025,289.53418843838267,0
7045.399450817749,0.006046069243928039,16.469866995260624,253.42129429142864,218.70759055644402,31.40342038124075,0
7171.3253705042325,0.0025010410543626787,11.286902134326777,147.987848330155,9.910961814968285,158.76621591955293,0
6936.594630242027,0.009465210111541672,27.262459361308185,11.596950244364423,54.110023692217396,324.1095928169214,0
6972.637514843811,0.0014196224854726486,17.20120788808695,318.96068878153886,351.23767446899893,148.4559961295798,0
7098.751107896351,0.006959162151662937,73.82586907992125,340.4859841552782,342.6485148626787,199.69334162422098,0
6995.1209133831,0.005413482612641986,50.20650318526436,213.43924077217173,229.2291039798988,322.39205791761367,0
6921.539214913337,0.00028128891465424046,54.55689788797545,262.5465310430329,232.29332277299247,68.06399646893877,0
6765.7826171184815,0.0016230666407327616,95.42738138306645,264.9202138992587,263.2732902695915,286.2480314995742,0
7009.981969882008,0.009274257386913433,63.024256246381235,74.12577882357874,227.31072840325677,147.99947459171423,0
7007.484626748938,0.009913511421958546,21.261166768143134,296.73710768596027,303.6000919545356,221.85926494763297,0
6782.044869232578,0.00054716050415616,89.91778269839583,39.69874381758664,359.19001901399497,279.6340846172056,0
6768.377108865888,0.006519410322821045,21.532470662328713,175.32282525131538,196.26848927082617,172.7508202967304,0
6946.915335599774,0.0013558178971466992,65.37549312725776,135.84879219590695,131.71326807791684,345.6249200175706,0
7089.23980887417,0.00792404165815003,60.98800980953397,252.23838522368038,227.37289569280048,173.65487336728006,0
6909.603421092764,0.0076604602194769575,8.40183553247115,346.45378566241624,238.30568561609908,294.9889388685645,0
6951.908469202097,0.008067721278861021,24.170300191867874,333.3479088918373,20.07335509409218,82.85587596344978,0
7165.1496779252275,0.00788776695972031,43.37740275918162,137.07268410091535,5.090074835930185,4.7632184845147485,0
6850.762027172914,0.008516525711747077,32.30752128667215,77.68887437474316,197.5546320605781,225.3147621717052,0
7036.198128835165,0.00720353271033717,16.436930468911164,233.36190116877032,266.8931901240441,43.66282493064982,0
7122.943607268627,0.002031068372608588,36.07555073285676,254.650448492186,289.86059471997027,254.15319829416939,0
7191.258752482884,0.001635671669707732,61.51239975785088,218.61777506948835,212.3510696808213,352.7034145009232,0
6827.435039375885,0.004061176223421136,97.89440690556044,310.78611006273644,244.5783973845958,106.68973531517749,0
6834.00482483732,0.005624975931261739,78.079436786942,67.8837274927536,10.094443701668627,141.52302051659012,0
6723.109966865252,0.005792378819177722,14.068252486615744,54.95134392210632,178.57374427110756,95.63318751455273,0
6704.128699978776,0.00020377548947662924,83.8872487096189,256.9315426711503,258.3278156863691,297.12604769580014,0
6880.0273413851155,0.005623450965838983,3.7639292266590436,314.59837324971437,279.9971237748337,315.8527889827544,0
6755.277128707474,0.0043924819476952315,41.52360610183179,221.1379660914915,176.5942792253116,128.97934567196378,0
6807.008308202074,0.007880514565835415,75.36266884169495,145.7248743616207,89.6176485166294,287.92663473926007,0
6778.975274515351,0.008121047670954607,81.7689495092948,1.37424231886778,190.01219504232242,235.12618108018313,0
6740.941133338809,0.004993241835141482,64.56922824499539,263.32565912550695,69.07358174636911,356.1631902448252,0
6889.039275455067,0.002562380526158676,81.63295922633263,43.21561325438693,311.49863549136995,163.30993261940412,0
7138.747013651951,0.004397452311579488,96.37477713896068,256.0551649400307,86.06915852473125,169.5016182889547,0
7066.041551507715,0.0030198097799730025,48.76304373259488,255.15703944861806,85.80778144608578,312.36882164263477,0
7192.92197370724,0.0017995901362112003,27.9961759235377,1.2712136408917107,255.49561562336368,10.11038960632105,0
6865.119854672754,0.003512020586507666,71.35023057279669,233.12061952423423,88.9994978985049,122.45243265074564,0
6799.967582772961,0.004109031437597908,80.12676741802869,42.81391391702684,141.93030460456538,225.4430578984012,0
7165.660100177345,0.00635967817492421,77.46959383794139,198.6823480300376,234.521124208654,306.58869158003097,0
6800.4168696657425,0.003994119248148231,36.57698082838365,358.0764402005146,295.1283872309051,227.58623916379705,0
7013.2311706958135,0.009630746636009054,88.36096415451537,145.64976872149273,194.12018106245134,21.04857777644265,0
7192.143753940244,0.004239028130008394,76.80291412699803,125.87310058383734,69.58388249801068,157.57490266160858,0
7173.641063665405,0.0036564677520591875,86.43482405677041,105.2517802466351,52.92812921971843,287.02698854147667,0
7110.739135672112,0.00577592909106484,89.68124037700419,111.46721707155092,14.81924404118514,217.9521230635737,0
6860.193212948889,0.007697531848544667,10.437849297285997,62.765928359583,325.9616052335643,58.04819158723327,0
6994.346090413279,0.000681967201805008,97.20033526589187,119.7809722643105,270.36110205159247,156.3452682655207,0
6888.021029495967,0.002432349966677559,17.581428376255527,352.963051088285,162.79404996050044,90.78606076889467,0
6830.376479248617,0.008899970509742488,40.31595313756629,80.13011649830797,107.34683868738574,206.76406236733868,0
7104.780095366874,0.006800769557800601,13.017287045645613,116.57409709202933,116.46698935011428,241.579048743967,0
7155.253954996954,0.008729853224711256,20.26951663924054,144.93308756216084,54.9686621883037,134.16164703604184,0
7194.618113584299,0.00471604215020575,63.987726861559445,238.74392576456168,53.37332319364778,175.23024866896404,0
7181.062781387993,0.004398226345581003,5.3000829738490305,136.79398669874644,146.34432302036782,157.32543305948568,0
6740.703907369073,0.006563349067071101,43.00919041971187,57.74285077975359,6.35050533603589,41.101713642355044,0
6849.837396909088,0.006973187808248584,80.43131734367277,144.70499009264555,135.39882619253999,220.29746055745701,0
7084.781809619311,0.006071966684845395,63.50892119293273,63.81836865402317,169.59638129219144,113.5135494055224,0
6873.422303288047,0.00744696848591361,65.88949942698748,258.68107667844436,269.1772839478025,152.79301262207497,0
7163.878449031474,0.003433366482452236,16.779530183611463,23.57491054236395,338.95017678491536,8.891430792201325,0
6811.1678578426345,0.006738989280354735,8.320583541500378,59.80236422846784,266.48292656371444,53.796186735671355,0
6968.619151551686,0.008940034905558171,83.30749575795791,123.21534138315724,340.88097502689925,199.65966416154163,0
6928.132033178856,0.001117991496239615,26.80101181703968,114.50759788151609,319.66349606956214,246.27307234777652,0
7170.6303436488615,0.007170966770770054,6.269026946948764,7.193202863200199,264.2717813048975,247.22290308558033,0
7029.2616255252315,0.0030653472488315707,30.96920499866244,123.1983215471279,21.9368955837521,37.408982755450765,0
6949.190158831954,0.002402995331295034,95.3458219558016,33.9355809576241,246.71137866778844,16.913300404495008,0
7072.682758642099,0.008515856077799273,15.764223022299422,286.36306728834217,328.9018330201342,248.9154656802778,0
6938.089916396044,0.003303220007626345,44.22474874467959,52.71991025709127,311.16806699341055,13.070038763323243,0
6829.227230113608,0.006760328126190944,1.7731658721979495,102.15663480295618,2.4546017213981175,116.99099263576511,0
6949.454058954796,0.00932275301088394,78.52836083189699,219.54452058067912,357.86991485601067,354.5150830240161,0
6784.504211866261,0.003596298384183328,13.347905762460828,318.4731911287307,7.046148176007021,319.2692789985962,0
7113.88820070623,0.007692390145732835,77.43567785147947,282.9198995227832,212.36253684067492,231.8528874274995,0
6894.496297979485,0.0037451870539199537,5.4480477057520105,359.364034970023,236.82704725679113,170.33188810748095,0
6877.561156603778,0.001302127158679529,73.67685615233012,332.01919057093374,325.9862251160518,192.16463146656972,0
7128.719885160798,0.0056073945381338855,25.1824036433384,222.38072989019653,206.46214583350104,31.97395160805934,0
6974.7842230100405,0.0055225630472349255,6.513479680895687,353.676245168658,106.23891936717797,170.710972976458,0
6804.553427552197,0.00885958341511646,66.02151819722201,23.764612581735705,12.502475206815667,337.3359102652776,0
7001.031056895839,0.007058921501554233,84.90704457795883,134.76166240737854,68.5777501184654,313.9893295541893,0
7051.694052018053,0.006150306381673867,3.3924840461365733,21.417327163931887,282.0489187236042,73.09454266117879,0
6969.331503268506,0.0048817323060085455,92.62136224723375,154.5827266810378,250.75611201770846,239.60549234882228,0
6815.289894396225,0.007067916925462722,17.349990960386428,343.6056657967162,93.86884879960465,74.39972564911284,0
7138.577781620791,0.002824476173388273,35.27019784281445,181.9475187458331,262.6316074269925,71.29187549321414,0
6826.9401815994515,0.009094405666246244,2.103344627214777,178.63869719888694,190.84566838661775,261.41677941905743,0
7044.766258505198,0.007750549992095109,50.97607914216575,186.13309790650143,260.9313559033407,276.8141326972236,0
6844.653342334985,0.009249626832942111,90.6747725463397,185.20493847148288,253.2218548104174,321.68571088463074,0
6888.4845371853135,0.006286358225397322,28.09497395119522,229.62497343375284,328.6940699170776,98.34023510027929,0
6721.394247208285,0.00780943147586652,35.13766371357765,267.94272672940286,113.10469076989017,179.5773971807161,0
7028.702889965406,0.008999886282590703,83.73482314983086,89.14721619626734,270.32170332987295,297.54081020425525,0
6974.580466335835,0.004832438799574718,51.60674404018366,45.72022042435225,314.1566949075799,307.20410299357803,0
7001.683414632244,0.009323259303649634,74.22137134354544,222.67085999254226,122.11671116712724,225.56975848156844,0
7062.105886134895,0.004508572715000173,27.825832271673026,124.35215055279274,3.304394165581437,223.09979224065057,0
6924.088247103649,0.002097797522956493,79.69959321584807,134.13673683097798,126.67118619443826,261.4762014698109,0
7131.624487036242,0.0024400482633475406,45.07369657047533,64.4551916604286,311.4900082235644,104.05188106706271,0
7037.253093223015,0.008703708844976447,52.100253295066985,77.26121021343218,161.4515956013931,110.586924044656,0
7104.867659242357,0.002845865723878594,82.16252532279971,336.2138496498733,39.04036551490795,336.48037209743876,0
6731.837418506888,0.005749172767959556,60.3254523726208,43.458127219640275,131.9376039949278,119.93568100774223,0
7159.720723651218,0.008256421470024145,74.14915085197669,143.3249703313225,214.0435154354953,74.19075018240565,0
7155.604954988702,0.002649093286143547,88.01874012606741,136.08708773803352,264.6130988406435,334.647227927398,0
7154.474023180603,0.0019905501517964333,72.29111197251927,87.60926576034346,174.65258004353942,359.9829153742651,0
6848.427860488339,0.0016529553928949813,17.03959980397085,19.22223945803055,259.3008179683781,64.2107784843238,0
7098.413450773218,0.009693490600771792,60.48565997077619,303.32974645881586,7.333324764792817,123.72811431583261,0
6747.959783106245,0.0012716872160389724,6.274989089295968,316.1766071601818,212.6889395030125,18.55012880347399,0
7119.703500342396,0.008989248690123203,63.33747894818304,293.3823297576865,55.933511807232954,51.802702162659415,0
7113.985490627019,0.002021330674316062,32.15142654626366,328.461356045437,218.34383954832805,91.35800998268802,0
6703.53370677232,0.006098421663321027,18.89643748592934,35.91109911643639,81.27118700577292,261.2472809763693,0
7041.384385668839,0.0006360213589352844,96.8661762792267,40.52047947142035,162.78445069510929,298.8674050095407,0
6818.074694433133,0.0038085679910900977,31.35690056887018,158.06682181021452,340.0754622374721,232.44881143965435,0
6720.138612182199,0.005483226079986415,73.58573160548669,136.8444160003212,136.36201973235367,359.6253045709508,0
7151.298976689535,0.0021092435878144965,87.75367051615689,20.58216851767228,14.035082867832337,278.21995045857506,0
7025.110903688101,0.003032226824971963,76.42871850967512,145.61390079479764,341.88576466436325,336.91290735961536,0
6732.775016683887,0.0020737753907085375,11.942802922057453,120.04205865114079,295.2914912590259,112.24450464061914,0
7174.766046291957,0.008082092758028516,58.356394016343735,177.21806075144605,90.95163848505914,150.84369078045515,0
6965.014217664641,0.008292016429777987,96.26718999815057,172.07353492442104,230.12585720945194,3.601942350596845,0
